"workspace_revision","id","version","account","date","posting_date","description","amount","currency","balance","anchor","review","duplicate_candidates","transfer_peer","merchant"
"uint:4","text:32373fa159959ea7844c841a9c027144eeabc1d15827732e98ec6930369fc78d:2","uint:2","text:000042","date:2024-02-29","null","text:=SUM(A1)","decimal:-123456789012345.12345678","text:AUD","null","json:{""kind"":""cell"",""evidence_id"":""32373fa159959ea7844c841a9c027144eeabc1d15827732e98ec6930369fc78d"",""sheet"":""CSV"",""row"":2,""column"":""amount""}","text:accepted","json:[]","null","null"
"uint:4","text:32373fa159959ea7844c841a9c027144eeabc1d15827732e98ec6930369fc78d:3","uint:2","text:000042","date:2024-02-29","null","text:  +1","decimal:-0.10000001","text:AUD","null","json:{""kind"":""cell"",""evidence_id"":""32373fa159959ea7844c841a9c027144eeabc1d15827732e98ec6930369fc78d"",""sheet"":""CSV"",""row"":3,""column"":""amount""}","text:rejected","json:[]","null","null"
"uint:4","text:32373fa159959ea7844c841a9c027144eeabc1d15827732e98ec6930369fc78d:4","uint:2","text:000042","date:2024-02-29","null","text:@cmd","decimal:-0.10000001","text:AUD","null","json:{""kind"":""cell"",""evidence_id"":""32373fa159959ea7844c841a9c027144eeabc1d15827732e98ec6930369fc78d"",""sheet"":""CSV"",""row"":4,""column"":""amount""}","text:deferred","json:[]","null","null"
"uint:4","text:32373fa159959ea7844c841a9c027144eeabc1d15827732e98ec6930369fc78d:5","uint:1","text:000042","date:2024-02-29","null","text:＝１","decimal:-0.10000001","text:AUD","null","json:{""kind"":""cell"",""evidence_id"":""32373fa159959ea7844c841a9c027144eeabc1d15827732e98ec6930369fc78d"",""sheet"":""CSV"",""row"":5,""column"":""amount""}","text:pending","json:[]","null","null"
"uint:4","text:32373fa159959ea7844c841a9c027144eeabc1d15827732e98ec6930369fc78d:6","uint:1","text:000042","date:2024-02-29","null","text:Line one
""Line two"", quoted","decimal:-0.10000001","text:AUD","null","json:{""kind"":""cell"",""evidence_id"":""32373fa159959ea7844c841a9c027144eeabc1d15827732e98ec6930369fc78d"",""sheet"":""CSV"",""row"":6,""column"":""amount""}","text:pending","json:[]","null","null"
"uint:4","text:32373fa159959ea7844c841a9c027144eeabc1d15827732e98ec6930369fc78d:7","uint:1","text:000042","date:2024-02-29","null","text:null","decimal:-0.10000001","text:AUD","null","json:{""kind"":""cell"",""evidence_id"":""32373fa159959ea7844c841a9c027144eeabc1d15827732e98ec6930369fc78d"",""sheet"":""CSV"",""row"":7,""column"":""amount""}","text:pending","json:[]","null","null"
"uint:4","text:32373fa159959ea7844c841a9c027144eeabc1d15827732e98ec6930369fc78d:8","uint:1","text:000042","date:2024-02-29","null","text:Synthetic optional fields remain missing","decimal:-0.10000001","text:AUD","null","json:{""kind"":""cell"",""evidence_id"":""32373fa159959ea7844c841a9c027144eeabc1d15827732e98ec6930369fc78d"",""sheet"":""CSV"",""row"":8,""column"":""amount""}","text:pending","json:[]","null","null"
"uint:4","text:32373fa159959ea7844c841a9c027144eeabc1d15827732e98ec6930369fc78d:9","uint:1","text:000042","date:2024-02-29","null","text:Synthetic payment 7","decimal:-0.10000001","text:AUD","null","json:{""kind"":""cell"",""evidence_id"":""32373fa159959ea7844c841a9c027144eeabc1d15827732e98ec6930369fc78d"",""sheet"":""CSV"",""row"":9,""column"":""amount""}","text:pending","json:[]","null","null"
"uint:4","text:32373fa159959ea7844c841a9c027144eeabc1d15827732e98ec6930369fc78d:10","uint:1","text:000042","date:2024-02-29","null","text:Synthetic payment 8","decimal:-0.10000001","text:AUD","null","json:{""kind"":""cell"",""evidence_id"":""32373fa159959ea7844c841a9c027144eeabc1d15827732e98ec6930369fc78d"",""sheet"":""CSV"",""row"":10,""column"":""amount""}","text:pending","json:[]","null","null"
"uint:4","text:32373fa159959ea7844c841a9c027144eeabc1d15827732e98ec6930369fc78d:11","uint:1","text:000042","date:2024-02-29","null","text:Synthetic payment 9","decimal:-0.10000001","text:AUD","null","json:{""kind"":""cell"",""evidence_id"":""32373fa159959ea7844c841a9c027144eeabc1d15827732e98ec6930369fc78d"",""sheet"":""CSV"",""row"":11,""column"":""amount""}","text:pending","json:[]","null","null"
"uint:4","text:32373fa159959ea7844c841a9c027144eeabc1d15827732e98ec6930369fc78d:12","uint:1","text:000042","date:2024-02-29","null","text:Synthetic payment 10","decimal:-0.10000001","text:AUD","null","json:{""kind"":""cell"",""evidence_id"":""32373fa159959ea7844c841a9c027144eeabc1d15827732e98ec6930369fc78d"",""sheet"":""CSV"",""row"":12,""column"":""amount""}","text:pending","json:[]","null","null"
"uint:4","text:32373fa159959ea7844c841a9c027144eeabc1d15827732e98ec6930369fc78d:13","uint:1","text:000042","date:2024-02-29","null","text:Synthetic payment 11","decimal:-0.10000001","text:AUD","null","json:{""kind"":""cell"",""evidence_id"":""32373fa159959ea7844c841a9c027144eeabc1d15827732e98ec6930369fc78d"",""sheet"":""CSV"",""row"":13,""column"":""amount""}","text:pending","json:[]","null","null"
"uint:4","text:32373fa159959ea7844c841a9c027144eeabc1d15827732e98ec6930369fc78d:14","uint:1","text:000042","date:2024-02-29","null","text:Synthetic payment 12","decimal:-0.10000001","text:AUD","null","json:{""kind"":""cell"",""evidence_id"":""32373fa159959ea7844c841a9c027144eeabc1d15827732e98ec6930369fc78d"",""sheet"":""CSV"",""row"":14,""column"":""amount""}","text:pending","json:[]","null","null"
"uint:4","text:32373fa159959ea7844c841a9c027144eeabc1d15827732e98ec6930369fc78d:15","uint:1","text:000042","date:2024-02-29","null","text:Synthetic payment 13","decimal:-0.10000001","text:AUD","null","json:{""kind"":""cell"",""evidence_id"":""32373fa159959ea7844c841a9c027144eeabc1d15827732e98ec6930369fc78d"",""sheet"":""CSV"",""row"":15,""column"":""amount""}","text:pending","json:[]","null","null"
"uint:4","text:32373fa159959ea7844c841a9c027144eeabc1d15827732e98ec6930369fc78d:16","uint:1","text:000042","date:2024-02-29","null","text:Synthetic payment 14","decimal:-0.10000001","text:AUD","null","json:{""kind"":""cell"",""evidence_id"":""32373fa159959ea7844c841a9c027144eeabc1d15827732e98ec6930369fc78d"",""sheet"":""CSV"",""row"":16,""column"":""amount""}","text:pending","json:[]","null","null"
"uint:4","text:32373fa159959ea7844c841a9c027144eeabc1d15827732e98ec6930369fc78d:17","uint:1","text:000042","date:2024-02-29","null","text:Synthetic payment 15","decimal:-0.10000001","text:AUD","null","json:{""kind"":""cell"",""evidence_id"":""32373fa159959ea7844c841a9c027144eeabc1d15827732e98ec6930369fc78d"",""sheet"":""CSV"",""row"":17,""column"":""amount""}","text:pending","json:[]","null","null"
"uint:4","text:32373fa159959ea7844c841a9c027144eeabc1d15827732e98ec6930369fc78d:18","uint:1","text:000042","date:2024-02-29","null","text:Synthetic payment 16","decimal:-0.10000001","text:AUD","null","json:{""kind"":""cell"",""evidence_id"":""32373fa159959ea7844c841a9c027144eeabc1d15827732e98ec6930369fc78d"",""sheet"":""CSV"",""row"":18,""column"":""amount""}","text:pending","json:[]","null","null"
"uint:4","text:32373fa159959ea7844c841a9c027144eeabc1d15827732e98ec6930369fc78d:19","uint:1","text:000042","date:2024-02-29","null","text:Synthetic payment 17","decimal:-0.10000001","text:AUD","null","json:{""kind"":""cell"",""evidence_id"":""32373fa159959ea7844c841a9c027144eeabc1d15827732e98ec6930369fc78d"",""sheet"":""CSV"",""row"":19,""column"":""amount""}","text:pending","json:[]","null","null"
"uint:4","text:32373fa159959ea7844c841a9c027144eeabc1d15827732e98ec6930369fc78d:20","uint:1","text:000042","date:2024-02-29","null","text:Synthetic payment 18","decimal:-0.10000001","text:AUD","null","json:{""kind"":""cell"",""evidence_id"":""32373fa159959ea7844c841a9c027144eeabc1d15827732e98ec6930369fc78d"",""sheet"":""CSV"",""row"":20,""column"":""amount""}","text:pending","json:[]","null","null"
"uint:4","text:32373fa159959ea7844c841a9c027144eeabc1d15827732e98ec6930369fc78d:21","uint:1","text:000042","date:2024-02-29","null","text:Synthetic payment 19","decimal:-0.10000001","text:AUD","null","json:{""kind"":""cell"",""evidence_id"":""32373fa159959ea7844c841a9c027144eeabc1d15827732e98ec6930369fc78d"",""sheet"":""CSV"",""row"":21,""column"":""amount""}","text:pending","json:[]","null","null"
"uint:4","text:32373fa159959ea7844c841a9c027144eeabc1d15827732e98ec6930369fc78d:22","uint:1","text:000042","date:2024-02-29","null","text:Synthetic payment 20","decimal:-0.10000001","text:AUD","null","json:{""kind"":""cell"",""evidence_id"":""32373fa159959ea7844c841a9c027144eeabc1d15827732e98ec6930369fc78d"",""sheet"":""CSV"",""row"":22,""column"":""amount""}","text:pending","json:[]","null","null"
"uint:4","text:32373fa159959ea7844c841a9c027144eeabc1d15827732e98ec6930369fc78d:23","uint:1","text:000042","date:2024-02-29","null","text:Synthetic payment 21","decimal:-0.10000001","text:AUD","null","json:{""kind"":""cell"",""evidence_id"":""32373fa159959ea7844c841a9c027144eeabc1d15827732e98ec6930369fc78d"",""sheet"":""CSV"",""row"":23,""column"":""amount""}","text:pending","json:[]","null","null"
"uint:4","text:32373fa159959ea7844c841a9c027144eeabc1d15827732e98ec6930369fc78d:24","uint:1","text:000042","date:2024-02-29","null","text:Synthetic payment 22","decimal:-0.10000001","text:AUD","null","json:{""kind"":""cell"",""evidence_id"":""32373fa159959ea7844c841a9c027144eeabc1d15827732e98ec6930369fc78d"",""sheet"":""CSV"",""row"":24,""column"":""amount""}","text:pending","json:[]","null","null"
"uint:4","text:32373fa159959ea7844c841a9c027144eeabc1d15827732e98ec6930369fc78d:25","uint:1","text:000042","date:2024-02-29","null","text:Synthetic payment 23","decimal:-0.10000001","text:AUD","null","json:{""kind"":""cell"",""evidence_id"":""32373fa159959ea7844c841a9c027144eeabc1d15827732e98ec6930369fc78d"",""sheet"":""CSV"",""row"":25,""column"":""amount""}","text:pending","json:[]","null","null"
"uint:4","text:32373fa159959ea7844c841a9c027144eeabc1d15827732e98ec6930369fc78d:26","uint:1","text:000042","date:2024-02-29","null","text:Synthetic payment 24","decimal:-0.10000001","text:AUD","null","json:{""kind"":""cell"",""evidence_id"":""32373fa159959ea7844c841a9c027144eeabc1d15827732e98ec6930369fc78d"",""sheet"":""CSV"",""row"":26,""column"":""amount""}","text:pending","json:[]","null","null"
"uint:4","text:32373fa159959ea7844c841a9c027144eeabc1d15827732e98ec6930369fc78d:27","uint:1","text:000042","date:2024-02-29","null","text:Synthetic payment 25","decimal:-0.10000001","text:AUD","null","json:{""kind"":""cell"",""evidence_id"":""32373fa159959ea7844c841a9c027144eeabc1d15827732e98ec6930369fc78d"",""sheet"":""CSV"",""row"":27,""column"":""amount""}","text:pending","json:[]","null","null"
"uint:4","text:32373fa159959ea7844c841a9c027144eeabc1d15827732e98ec6930369fc78d:28","uint:1","text:000042","date:2024-02-29","null","text:Synthetic payment 26","decimal:-0.10000001","text:AUD","null","json:{""kind"":""cell"",""evidence_id"":""32373fa159959ea7844c841a9c027144eeabc1d15827732e98ec6930369fc78d"",""sheet"":""CSV"",""row"":28,""column"":""amount""}","text:pending","json:[]","null","null"
"uint:4","text:32373fa159959ea7844c841a9c027144eeabc1d15827732e98ec6930369fc78d:29","uint:1","text:000042","date:2024-02-29","null","text:Synthetic payment 27","decimal:-0.10000001","text:AUD","null","json:{""kind"":""cell"",""evidence_id"":""32373fa159959ea7844c841a9c027144eeabc1d15827732e98ec6930369fc78d"",""sheet"":""CSV"",""row"":29,""column"":""amount""}","text:pending","json:[]","null","null"
"uint:4","text:32373fa159959ea7844c841a9c027144eeabc1d15827732e98ec6930369fc78d:30","uint:1","text:000042","date:2024-02-29","null","text:Synthetic payment 28","decimal:-0.10000001","text:AUD","null","json:{""kind"":""cell"",""evidence_id"":""32373fa159959ea7844c841a9c027144eeabc1d15827732e98ec6930369fc78d"",""sheet"":""CSV"",""row"":30,""column"":""amount""}","text:pending","json:[]","null","null"
"uint:4","text:32373fa159959ea7844c841a9c027144eeabc1d15827732e98ec6930369fc78d:31","uint:1","text:000042","date:2024-02-29","null","text:Synthetic payment 29","decimal:-0.10000001","text:AUD","null","json:{""kind"":""cell"",""evidence_id"":""32373fa159959ea7844c841a9c027144eeabc1d15827732e98ec6930369fc78d"",""sheet"":""CSV"",""row"":31,""column"":""amount""}","text:pending","json:[]","null","null"
"uint:4","text:32373fa159959ea7844c841a9c027144eeabc1d15827732e98ec6930369fc78d:32","uint:1","text:000042","date:2024-02-29","null","text:Synthetic payment 30","decimal:-0.10000001","text:AUD","null","json:{""kind"":""cell"",""evidence_id"":""32373fa159959ea7844c841a9c027144eeabc1d15827732e98ec6930369fc78d"",""sheet"":""CSV"",""row"":32,""column"":""amount""}","text:pending","json:[]","null","null"
"uint:4","text:32373fa159959ea7844c841a9c027144eeabc1d15827732e98ec6930369fc78d:33","uint:1","text:000042","date:2024-02-29","null","text:Synthetic payment 31","decimal:-0.10000001","text:AUD","null","json:{""kind"":""cell"",""evidence_id"":""32373fa159959ea7844c841a9c027144eeabc1d15827732e98ec6930369fc78d"",""sheet"":""CSV"",""row"":33,""column"":""amount""}","text:pending","json:[]","null","null"
"uint:4","text:32373fa159959ea7844c841a9c027144eeabc1d15827732e98ec6930369fc78d:34","uint:1","text:000042","date:2024-02-29","null","text:Synthetic payment 32","decimal:-0.10000001","text:AUD","null","json:{""kind"":""cell"",""evidence_id"":""32373fa159959ea7844c841a9c027144eeabc1d15827732e98ec6930369fc78d"",""sheet"":""CSV"",""row"":34,""column"":""amount""}","text:pending","json:[]","null","null"
"uint:4","text:32373fa159959ea7844c841a9c027144eeabc1d15827732e98ec6930369fc78d:35","uint:1","text:000042","date:2024-02-29","null","text:Synthetic payment 33","decimal:-0.10000001","text:AUD","null","json:{""kind"":""cell"",""evidence_id"":""32373fa159959ea7844c841a9c027144eeabc1d15827732e98ec6930369fc78d"",""sheet"":""CSV"",""row"":35,""column"":""amount""}","text:pending","json:[]","null","null"
"uint:4","text:32373fa159959ea7844c841a9c027144eeabc1d15827732e98ec6930369fc78d:36","uint:1","text:000042","date:2024-02-29","null","text:Synthetic payment 34","decimal:-0.10000001","text:AUD","null","json:{""kind"":""cell"",""evidence_id"":""32373fa159959ea7844c841a9c027144eeabc1d15827732e98ec6930369fc78d"",""sheet"":""CSV"",""row"":36,""column"":""amount""}","text:pending","json:[]","null","null"
"uint:4","text:32373fa159959ea7844c841a9c027144eeabc1d15827732e98ec6930369fc78d:37","uint:1","text:000042","date:2024-02-29","null","text:Synthetic payment 35","decimal:-0.10000001","text:AUD","null","json:{""kind"":""cell"",""evidence_id"":""32373fa159959ea7844c841a9c027144eeabc1d15827732e98ec6930369fc78d"",""sheet"":""CSV"",""row"":37,""column"":""amount""}","text:pending","json:[]","null","null"
"uint:4","text:32373fa159959ea7844c841a9c027144eeabc1d15827732e98ec6930369fc78d:38","uint:1","text:000042","date:2024-02-29","null","text:Synthetic payment 36","decimal:-0.10000001","text:AUD","null","json:{""kind"":""cell"",""evidence_id"":""32373fa159959ea7844c841a9c027144eeabc1d15827732e98ec6930369fc78d"",""sheet"":""CSV"",""row"":38,""column"":""amount""}","text:pending","json:[]","null","null"
"uint:4","text:32373fa159959ea7844c841a9c027144eeabc1d15827732e98ec6930369fc78d:39","uint:1","text:000042","date:2024-02-29","null","text:Synthetic payment 37","decimal:-0.10000001","text:AUD","null","json:{""kind"":""cell"",""evidence_id"":""32373fa159959ea7844c841a9c027144eeabc1d15827732e98ec6930369fc78d"",""sheet"":""CSV"",""row"":39,""column"":""amount""}","text:pending","json:[]","null","null"
"uint:4","text:32373fa159959ea7844c841a9c027144eeabc1d15827732e98ec6930369fc78d:40","uint:1","text:000042","date:2024-02-29","null","text:Synthetic payment 38","decimal:-0.10000001","text:AUD","null","json:{""kind"":""cell"",""evidence_id"":""32373fa159959ea7844c841a9c027144eeabc1d15827732e98ec6930369fc78d"",""sheet"":""CSV"",""row"":40,""column"":""amount""}","text:pending","json:[]","null","null"
"uint:4","text:32373fa159959ea7844c841a9c027144eeabc1d15827732e98ec6930369fc78d:41","uint:1","text:000042","date:2024-02-29","null","text:Synthetic payment 39","decimal:-0.10000001","text:AUD","null","json:{""kind"":""cell"",""evidence_id"":""32373fa159959ea7844c841a9c027144eeabc1d15827732e98ec6930369fc78d"",""sheet"":""CSV"",""row"":41,""column"":""amount""}","text:pending","json:[]","null","null"
"uint:4","text:32373fa159959ea7844c841a9c027144eeabc1d15827732e98ec6930369fc78d:42","uint:1","text:000042","date:2024-02-29","null","text:Synthetic payment 40","decimal:-0.10000001","text:AUD","null","json:{""kind"":""cell"",""evidence_id"":""32373fa159959ea7844c841a9c027144eeabc1d15827732e98ec6930369fc78d"",""sheet"":""CSV"",""row"":42,""column"":""amount""}","text:pending","json:[]","null","null"
"uint:4","text:32373fa159959ea7844c841a9c027144eeabc1d15827732e98ec6930369fc78d:43","uint:1","text:000042","date:2024-02-29","null","text:Synthetic payment 41","decimal:-0.10000001","text:AUD","null","json:{""kind"":""cell"",""evidence_id"":""32373fa159959ea7844c841a9c027144eeabc1d15827732e98ec6930369fc78d"",""sheet"":""CSV"",""row"":43,""column"":""amount""}","text:pending","json:[]","null","null"
"uint:4","text:32373fa159959ea7844c841a9c027144eeabc1d15827732e98ec6930369fc78d:44","uint:1","text:000042","date:2024-02-29","null","text:Synthetic payment 42","decimal:-0.10000001","text:AUD","null","json:{""kind"":""cell"",""evidence_id"":""32373fa159959ea7844c841a9c027144eeabc1d15827732e98ec6930369fc78d"",""sheet"":""CSV"",""row"":44,""column"":""amount""}","text:pending","json:[]","null","null"
"uint:4","text:32373fa159959ea7844c841a9c027144eeabc1d15827732e98ec6930369fc78d:45","uint:1","text:000042","date:2024-02-29","null","text:Synthetic payment 43","decimal:-0.10000001","text:AUD","null","json:{""kind"":""cell"",""evidence_id"":""32373fa159959ea7844c841a9c027144eeabc1d15827732e98ec6930369fc78d"",""sheet"":""CSV"",""row"":45,""column"":""amount""}","text:pending","json:[]","null","null"
"uint:4","text:32373fa159959ea7844c841a9c027144eeabc1d15827732e98ec6930369fc78d:46","uint:1","text:000042","date:2024-02-29","null","text:Synthetic payment 44","decimal:-0.10000001","text:AUD","null","json:{""kind"":""cell"",""evidence_id"":""32373fa159959ea7844c841a9c027144eeabc1d15827732e98ec6930369fc78d"",""sheet"":""CSV"",""row"":46,""column"":""amount""}","text:pending","json:[]","null","null"
"uint:4","text:32373fa159959ea7844c841a9c027144eeabc1d15827732e98ec6930369fc78d:47","uint:1","text:000042","date:2024-02-29","null","text:Synthetic payment 45","decimal:-0.10000001","text:AUD","null","json:{""kind"":""cell"",""evidence_id"":""32373fa159959ea7844c841a9c027144eeabc1d15827732e98ec6930369fc78d"",""sheet"":""CSV"",""row"":47,""column"":""amount""}","text:pending","json:[]","null","null"
"uint:4","text:32373fa159959ea7844c841a9c027144eeabc1d15827732e98ec6930369fc78d:48","uint:1","text:000042","date:2024-02-29","null","text:Synthetic payment 46","decimal:-0.10000001","text:AUD","null","json:{""kind"":""cell"",""evidence_id"":""32373fa159959ea7844c841a9c027144eeabc1d15827732e98ec6930369fc78d"",""sheet"":""CSV"",""row"":48,""column"":""amount""}","text:pending","json:[]","null","null"
"uint:4","text:32373fa159959ea7844c841a9c027144eeabc1d15827732e98ec6930369fc78d:49","uint:1","text:000042","date:2024-02-29","null","text:Synthetic payment 47","decimal:-0.10000001","text:AUD","null","json:{""kind"":""cell"",""evidence_id"":""32373fa159959ea7844c841a9c027144eeabc1d15827732e98ec6930369fc78d"",""sheet"":""CSV"",""row"":49,""column"":""amount""}","text:pending","json:[]","null","null"
"uint:4","text:32373fa159959ea7844c841a9c027144eeabc1d15827732e98ec6930369fc78d:50","uint:1","text:000042","date:2024-02-29","null","text:Synthetic payment 48","decimal:-0.10000001","text:AUD","null","json:{""kind"":""cell"",""evidence_id"":""32373fa159959ea7844c841a9c027144eeabc1d15827732e98ec6930369fc78d"",""sheet"":""CSV"",""row"":50,""column"":""amount""}","text:pending","json:[]","null","null"
"uint:4","text:32373fa159959ea7844c841a9c027144eeabc1d15827732e98ec6930369fc78d:51","uint:1","text:000042","date:2024-02-29","null","text:Synthetic payment 49","decimal:-0.10000001","text:AUD","null","json:{""kind"":""cell"",""evidence_id"":""32373fa159959ea7844c841a9c027144eeabc1d15827732e98ec6930369fc78d"",""sheet"":""CSV"",""row"":51,""column"":""amount""}","text:pending","json:[]","null","null"
"uint:4","text:32373fa159959ea7844c841a9c027144eeabc1d15827732e98ec6930369fc78d:52","uint:1","text:000042","date:2024-02-29","null","text:Synthetic payment 50","decimal:-0.10000001","text:AUD","null","json:{""kind"":""cell"",""evidence_id"":""32373fa159959ea7844c841a9c027144eeabc1d15827732e98ec6930369fc78d"",""sheet"":""CSV"",""row"":52,""column"":""amount""}","text:pending","json:[]","null","null"
"uint:4","text:32373fa159959ea7844c841a9c027144eeabc1d15827732e98ec6930369fc78d:53","uint:1","text:000042","date:2024-02-29","null","text:Synthetic payment 51","decimal:-0.10000001","text:AUD","null","json:{""kind"":""cell"",""evidence_id"":""32373fa159959ea7844c841a9c027144eeabc1d15827732e98ec6930369fc78d"",""sheet"":""CSV"",""row"":53,""column"":""amount""}","text:pending","json:[]","null","null"
"uint:4","text:32373fa159959ea7844c841a9c027144eeabc1d15827732e98ec6930369fc78d:54","uint:1","text:000042","date:2024-02-29","null","text:Synthetic payment 52","decimal:-0.10000001","text:AUD","null","json:{""kind"":""cell"",""evidence_id"":""32373fa159959ea7844c841a9c027144eeabc1d15827732e98ec6930369fc78d"",""sheet"":""CSV"",""row"":54,""column"":""amount""}","text:pending","json:[]","null","null"
"uint:4","text:32373fa159959ea7844c841a9c027144eeabc1d15827732e98ec6930369fc78d:55","uint:1","text:000042","date:2024-02-29","null","text:Synthetic payment 53","decimal:-0.10000001","text:AUD","null","json:{""kind"":""cell"",""evidence_id"":""32373fa159959ea7844c841a9c027144eeabc1d15827732e98ec6930369fc78d"",""sheet"":""CSV"",""row"":55,""column"":""amount""}","text:pending","json:[]","null","null"
"uint:4","text:32373fa159959ea7844c841a9c027144eeabc1d15827732e98ec6930369fc78d:56","uint:1","text:000042","date:2024-02-29","null","text:Synthetic payment 54","decimal:-0.10000001","text:AUD","null","json:{""kind"":""cell"",""evidence_id"":""32373fa159959ea7844c841a9c027144eeabc1d15827732e98ec6930369fc78d"",""sheet"":""CSV"",""row"":56,""column"":""amount""}","text:pending","json:[]","null","null"
"uint:4","text:32373fa159959ea7844c841a9c027144eeabc1d15827732e98ec6930369fc78d:57","uint:1","text:000042","date:2024-02-29","null","text:Synthetic payment 55","decimal:-0.10000001","text:AUD","null","json:{""kind"":""cell"",""evidence_id"":""32373fa159959ea7844c841a9c027144eeabc1d15827732e98ec6930369fc78d"",""sheet"":""CSV"",""row"":57,""column"":""amount""}","text:pending","json:[]","null","null"
"uint:4","text:32373fa159959ea7844c841a9c027144eeabc1d15827732e98ec6930369fc78d:58","uint:1","text:000042","date:2024-02-29","null","text:Synthetic payment 56","decimal:-0.10000001","text:AUD","null","json:{""kind"":""cell"",""evidence_id"":""32373fa159959ea7844c841a9c027144eeabc1d15827732e98ec6930369fc78d"",""sheet"":""CSV"",""row"":58,""column"":""amount""}","text:pending","json:[]","null","null"
"uint:4","text:32373fa159959ea7844c841a9c027144eeabc1d15827732e98ec6930369fc78d:59","uint:1","text:000042","date:2024-02-29","null","text:Synthetic payment 57","decimal:-0.10000001","text:AUD","null","json:{""kind"":""cell"",""evidence_id"":""32373fa159959ea7844c841a9c027144eeabc1d15827732e98ec6930369fc78d"",""sheet"":""CSV"",""row"":59,""column"":""amount""}","text:pending","json:[]","null","null"
"uint:4","text:32373fa159959ea7844c841a9c027144eeabc1d15827732e98ec6930369fc78d:60","uint:1","text:000042","date:2024-02-29","null","text:Synthetic payment 58","decimal:-0.10000001","text:AUD","null","json:{""kind"":""cell"",""evidence_id"":""32373fa159959ea7844c841a9c027144eeabc1d15827732e98ec6930369fc78d"",""sheet"":""CSV"",""row"":60,""column"":""amount""}","text:pending","json:[]","null","null"
"uint:4","text:32373fa159959ea7844c841a9c027144eeabc1d15827732e98ec6930369fc78d:61","uint:1","text:000042","date:2024-02-29","null","text:Synthetic payment 59","decimal:-0.10000001","text:AUD","null","json:{""kind"":""cell"",""evidence_id"":""32373fa159959ea7844c841a9c027144eeabc1d15827732e98ec6930369fc78d"",""sheet"":""CSV"",""row"":61,""column"":""amount""}","text:pending","json:[]","null","null"
"uint:4","text:32373fa159959ea7844c841a9c027144eeabc1d15827732e98ec6930369fc78d:62","uint:1","text:000042","date:2024-02-29","null","text:Synthetic payment 60","decimal:-0.10000001","text:AUD","null","json:{""kind"":""cell"",""evidence_id"":""32373fa159959ea7844c841a9c027144eeabc1d15827732e98ec6930369fc78d"",""sheet"":""CSV"",""row"":62,""column"":""amount""}","text:pending","json:[]","null","null"
"uint:4","text:32373fa159959ea7844c841a9c027144eeabc1d15827732e98ec6930369fc78d:63","uint:1","text:000042","date:2024-02-29","null","text:Synthetic payment 61","decimal:-0.10000001","text:AUD","null","json:{""kind"":""cell"",""evidence_id"":""32373fa159959ea7844c841a9c027144eeabc1d15827732e98ec6930369fc78d"",""sheet"":""CSV"",""row"":63,""column"":""amount""}","text:pending","json:[]","null","null"
"uint:4","text:32373fa159959ea7844c841a9c027144eeabc1d15827732e98ec6930369fc78d:64","uint:1","text:000042","date:2024-02-29","null","text:Synthetic payment 62","decimal:-0.10000001","text:AUD","null","json:{""kind"":""cell"",""evidence_id"":""32373fa159959ea7844c841a9c027144eeabc1d15827732e98ec6930369fc78d"",""sheet"":""CSV"",""row"":64,""column"":""amount""}","text:pending","json:[]","null","null"
"uint:4","text:32373fa159959ea7844c841a9c027144eeabc1d15827732e98ec6930369fc78d:65","uint:1","text:000042","date:2024-02-29","null","text:Synthetic payment 63","decimal:-0.10000001","text:AUD","null","json:{""kind"":""cell"",""evidence_id"":""32373fa159959ea7844c841a9c027144eeabc1d15827732e98ec6930369fc78d"",""sheet"":""CSV"",""row"":65,""column"":""amount""}","text:pending","json:[]","null","null"
"uint:4","text:32373fa159959ea7844c841a9c027144eeabc1d15827732e98ec6930369fc78d:66","uint:1","text:000042","date:2024-02-29","null","text:Synthetic payment 64","decimal:-0.10000001","text:AUD","null","json:{""kind"":""cell"",""evidence_id"":""32373fa159959ea7844c841a9c027144eeabc1d15827732e98ec6930369fc78d"",""sheet"":""CSV"",""row"":66,""column"":""amount""}","text:pending","json:[]","null","null"
"uint:4","text:32373fa159959ea7844c841a9c027144eeabc1d15827732e98ec6930369fc78d:67","uint:1","text:000042","date:2024-02-29","null","text:Synthetic payment 65","decimal:-0.10000001","text:AUD","null","json:{""kind"":""cell"",""evidence_id"":""32373fa159959ea7844c841a9c027144eeabc1d15827732e98ec6930369fc78d"",""sheet"":""CSV"",""row"":67,""column"":""amount""}","text:pending","json:[]","null","null"
"uint:4","text:32373fa159959ea7844c841a9c027144eeabc1d15827732e98ec6930369fc78d:68","uint:1","text:000042","date:2024-02-29","null","text:Synthetic payment 66","decimal:-0.10000001","text:AUD","null","json:{""kind"":""cell"",""evidence_id"":""32373fa159959ea7844c841a9c027144eeabc1d15827732e98ec6930369fc78d"",""sheet"":""CSV"",""row"":68,""column"":""amount""}","text:pending","json:[]","null","null"
"uint:4","text:32373fa159959ea7844c841a9c027144eeabc1d15827732e98ec6930369fc78d:69","uint:1","text:000042","date:2024-02-29","null","text:Synthetic payment 67","decimal:-0.10000001","text:AUD","null","json:{""kind"":""cell"",""evidence_id"":""32373fa159959ea7844c841a9c027144eeabc1d15827732e98ec6930369fc78d"",""sheet"":""CSV"",""row"":69,""column"":""amount""}","text:pending","json:[]","null","null"
"uint:4","text:32373fa159959ea7844c841a9c027144eeabc1d15827732e98ec6930369fc78d:70","uint:1","text:000042","date:2024-02-29","null","text:Synthetic payment 68","decimal:-0.10000001","text:AUD","null","json:{""kind"":""cell"",""evidence_id"":""32373fa159959ea7844c841a9c027144eeabc1d15827732e98ec6930369fc78d"",""sheet"":""CSV"",""row"":70,""column"":""amount""}","text:pending","json:[]","null","null"
"uint:4","text:32373fa159959ea7844c841a9c027144eeabc1d15827732e98ec6930369fc78d:71","uint:1","text:000042","date:2024-02-29","null","text:Synthetic payment 69","decimal:-0.10000001","text:AUD","null","json:{""kind"":""cell"",""evidence_id"":""32373fa159959ea7844c841a9c027144eeabc1d15827732e98ec6930369fc78d"",""sheet"":""CSV"",""row"":71,""column"":""amount""}","text:pending","json:[]","null","null"
"uint:4","text:32373fa159959ea7844c841a9c027144eeabc1d15827732e98ec6930369fc78d:72","uint:1","text:000042","date:2024-02-29","null","text:Synthetic payment 70","decimal:-0.10000001","text:AUD","null","json:{""kind"":""cell"",""evidence_id"":""32373fa159959ea7844c841a9c027144eeabc1d15827732e98ec6930369fc78d"",""sheet"":""CSV"",""row"":72,""column"":""amount""}","text:pending","json:[]","null","null"
"uint:4","text:32373fa159959ea7844c841a9c027144eeabc1d15827732e98ec6930369fc78d:73","uint:1","text:000042","date:2024-02-29","null","text:Synthetic payment 71","decimal:-0.10000001","text:AUD","null","json:{""kind"":""cell"",""evidence_id"":""32373fa159959ea7844c841a9c027144eeabc1d15827732e98ec6930369fc78d"",""sheet"":""CSV"",""row"":73,""column"":""amount""}","text:pending","json:[]","null","null"
"uint:4","text:32373fa159959ea7844c841a9c027144eeabc1d15827732e98ec6930369fc78d:74","uint:1","text:000042","date:2024-02-29","null","text:Synthetic payment 72","decimal:-0.10000001","text:AUD","null","json:{""kind"":""cell"",""evidence_id"":""32373fa159959ea7844c841a9c027144eeabc1d15827732e98ec6930369fc78d"",""sheet"":""CSV"",""row"":74,""column"":""amount""}","text:pending","json:[]","null","null"
"uint:4","text:32373fa159959ea7844c841a9c027144eeabc1d15827732e98ec6930369fc78d:75","uint:1","text:000042","date:2024-02-29","null","text:Synthetic payment 73","decimal:-0.10000001","text:AUD","null","json:{""kind"":""cell"",""evidence_id"":""32373fa159959ea7844c841a9c027144eeabc1d15827732e98ec6930369fc78d"",""sheet"":""CSV"",""row"":75,""column"":""amount""}","text:pending","json:[]","null","null"
"uint:4","text:32373fa159959ea7844c841a9c027144eeabc1d15827732e98ec6930369fc78d:76","uint:1","text:000042","date:2024-02-29","null","text:Synthetic payment 74","decimal:-0.10000001","text:AUD","null","json:{""kind"":""cell"",""evidence_id"":""32373fa159959ea7844c841a9c027144eeabc1d15827732e98ec6930369fc78d"",""sheet"":""CSV"",""row"":76,""column"":""amount""}","text:pending","json:[]","null","null"
"uint:4","text:32373fa159959ea7844c841a9c027144eeabc1d15827732e98ec6930369fc78d:77","uint:1","text:000042","date:2024-02-29","null","text:Synthetic payment 75","decimal:-0.10000001","text:AUD","null","json:{""kind"":""cell"",""evidence_id"":""32373fa159959ea7844c841a9c027144eeabc1d15827732e98ec6930369fc78d"",""sheet"":""CSV"",""row"":77,""column"":""amount""}","text:pending","json:[]","null","null"
"uint:4","text:32373fa159959ea7844c841a9c027144eeabc1d15827732e98ec6930369fc78d:78","uint:1","text:000042","date:2024-02-29","null","text:Synthetic payment 76","decimal:-0.10000001","text:AUD","null","json:{""kind"":""cell"",""evidence_id"":""32373fa159959ea7844c841a9c027144eeabc1d15827732e98ec6930369fc78d"",""sheet"":""CSV"",""row"":78,""column"":""amount""}","text:pending","json:[]","null","null"
"uint:4","text:32373fa159959ea7844c841a9c027144eeabc1d15827732e98ec6930369fc78d:79","uint:1","text:000042","date:2024-02-29","null","text:Synthetic payment 77","decimal:-0.10000001","text:AUD","null","json:{""kind"":""cell"",""evidence_id"":""32373fa159959ea7844c841a9c027144eeabc1d15827732e98ec6930369fc78d"",""sheet"":""CSV"",""row"":79,""column"":""amount""}","text:pending","json:[]","null","null"
"uint:4","text:32373fa159959ea7844c841a9c027144eeabc1d15827732e98ec6930369fc78d:80","uint:1","text:000042","date:2024-02-29","null","text:Synthetic payment 78","decimal:-0.10000001","text:AUD","null","json:{""kind"":""cell"",""evidence_id"":""32373fa159959ea7844c841a9c027144eeabc1d15827732e98ec6930369fc78d"",""sheet"":""CSV"",""row"":80,""column"":""amount""}","text:pending","json:[]","null","null"
"uint:4","text:32373fa159959ea7844c841a9c027144eeabc1d15827732e98ec6930369fc78d:81","uint:1","text:000042","date:2024-02-29","null","text:Synthetic payment 79","decimal:-0.10000001","text:AUD","null","json:{""kind"":""cell"",""evidence_id"":""32373fa159959ea7844c841a9c027144eeabc1d15827732e98ec6930369fc78d"",""sheet"":""CSV"",""row"":81,""column"":""amount""}","text:pending","json:[]","null","null"
"uint:4","text:32373fa159959ea7844c841a9c027144eeabc1d15827732e98ec6930369fc78d:82","uint:1","text:000042","date:2024-02-29","null","text:Synthetic payment 80","decimal:-0.10000001","text:AUD","null","json:{""kind"":""cell"",""evidence_id"":""32373fa159959ea7844c841a9c027144eeabc1d15827732e98ec6930369fc78d"",""sheet"":""CSV"",""row"":82,""column"":""amount""}","text:pending","json:[]","null","null"
"uint:4","text:32373fa159959ea7844c841a9c027144eeabc1d15827732e98ec6930369fc78d:83","uint:1","text:000042","date:2024-02-29","null","text:Synthetic payment 81","decimal:-0.10000001","text:AUD","null","json:{""kind"":""cell"",""evidence_id"":""32373fa159959ea7844c841a9c027144eeabc1d15827732e98ec6930369fc78d"",""sheet"":""CSV"",""row"":83,""column"":""amount""}","text:pending","json:[]","null","null"
"uint:4","text:32373fa159959ea7844c841a9c027144eeabc1d15827732e98ec6930369fc78d:84","uint:1","text:000042","date:2024-02-29","null","text:Synthetic payment 82","decimal:-0.10000001","text:AUD","null","json:{""kind"":""cell"",""evidence_id"":""32373fa159959ea7844c841a9c027144eeabc1d15827732e98ec6930369fc78d"",""sheet"":""CSV"",""row"":84,""column"":""amount""}","text:pending","json:[]","null","null"
"uint:4","text:32373fa159959ea7844c841a9c027144eeabc1d15827732e98ec6930369fc78d:85","uint:1","text:000042","date:2024-02-29","null","text:Synthetic payment 83","decimal:-0.10000001","text:AUD","null","json:{""kind"":""cell"",""evidence_id"":""32373fa159959ea7844c841a9c027144eeabc1d15827732e98ec6930369fc78d"",""sheet"":""CSV"",""row"":85,""column"":""amount""}","text:pending","json:[]","null","null"
"uint:4","text:32373fa159959ea7844c841a9c027144eeabc1d15827732e98ec6930369fc78d:86","uint:1","text:000042","date:2024-02-29","null","text:Synthetic payment 84","decimal:-0.10000001","text:AUD","null","json:{""kind"":""cell"",""evidence_id"":""32373fa159959ea7844c841a9c027144eeabc1d15827732e98ec6930369fc78d"",""sheet"":""CSV"",""row"":86,""column"":""amount""}","text:pending","json:[]","null","null"
"uint:4","text:32373fa159959ea7844c841a9c027144eeabc1d15827732e98ec6930369fc78d:87","uint:1","text:000042","date:2024-02-29","null","text:Synthetic payment 85","decimal:-0.10000001","text:AUD","null","json:{""kind"":""cell"",""evidence_id"":""32373fa159959ea7844c841a9c027144eeabc1d15827732e98ec6930369fc78d"",""sheet"":""CSV"",""row"":87,""column"":""amount""}","text:pending","json:[]","null","null"
"uint:4","text:32373fa159959ea7844c841a9c027144eeabc1d15827732e98ec6930369fc78d:88","uint:1","text:000042","date:2024-02-29","null","text:Synthetic payment 86","decimal:-0.10000001","text:AUD","null","json:{""kind"":""cell"",""evidence_id"":""32373fa159959ea7844c841a9c027144eeabc1d15827732e98ec6930369fc78d"",""sheet"":""CSV"",""row"":88,""column"":""amount""}","text:pending","json:[]","null","null"
"uint:4","text:32373fa159959ea7844c841a9c027144eeabc1d15827732e98ec6930369fc78d:89","uint:1","text:000042","date:2024-02-29","null","text:Synthetic payment 87","decimal:-0.10000001","text:AUD","null","json:{""kind"":""cell"",""evidence_id"":""32373fa159959ea7844c841a9c027144eeabc1d15827732e98ec6930369fc78d"",""sheet"":""CSV"",""row"":89,""column"":""amount""}","text:pending","json:[]","null","null"
"uint:4","text:32373fa159959ea7844c841a9c027144eeabc1d15827732e98ec6930369fc78d:90","uint:1","text:000042","date:2024-02-29","null","text:Synthetic payment 88","decimal:-0.10000001","text:AUD","null","json:{""kind"":""cell"",""evidence_id"":""32373fa159959ea7844c841a9c027144eeabc1d15827732e98ec6930369fc78d"",""sheet"":""CSV"",""row"":90,""column"":""amount""}","text:pending","json:[]","null","null"
"uint:4","text:32373fa159959ea7844c841a9c027144eeabc1d15827732e98ec6930369fc78d:91","uint:1","text:000042","date:2024-02-29","null","text:Synthetic payment 89","decimal:-0.10000001","text:AUD","null","json:{""kind"":""cell"",""evidence_id"":""32373fa159959ea7844c841a9c027144eeabc1d15827732e98ec6930369fc78d"",""sheet"":""CSV"",""row"":91,""column"":""amount""}","text:pending","json:[]","null","null"
"uint:4","text:32373fa159959ea7844c841a9c027144eeabc1d15827732e98ec6930369fc78d:92","uint:1","text:000042","date:2024-02-29","null","text:Synthetic payment 90","decimal:-0.10000001","text:AUD","null","json:{""kind"":""cell"",""evidence_id"":""32373fa159959ea7844c841a9c027144eeabc1d15827732e98ec6930369fc78d"",""sheet"":""CSV"",""row"":92,""column"":""amount""}","text:pending","json:[]","null","null"
"uint:4","text:32373fa159959ea7844c841a9c027144eeabc1d15827732e98ec6930369fc78d:93","uint:1","text:000042","date:2024-02-29","null","text:Synthetic payment 91","decimal:-0.10000001","text:AUD","null","json:{""kind"":""cell"",""evidence_id"":""32373fa159959ea7844c841a9c027144eeabc1d15827732e98ec6930369fc78d"",""sheet"":""CSV"",""row"":93,""column"":""amount""}","text:pending","json:[]","null","null"
"uint:4","text:32373fa159959ea7844c841a9c027144eeabc1d15827732e98ec6930369fc78d:94","uint:1","text:000042","date:2024-02-29","null","text:Synthetic payment 92","decimal:-0.10000001","text:AUD","null","json:{""kind"":""cell"",""evidence_id"":""32373fa159959ea7844c841a9c027144eeabc1d15827732e98ec6930369fc78d"",""sheet"":""CSV"",""row"":94,""column"":""amount""}","text:pending","json:[]","null","null"
"uint:4","text:32373fa159959ea7844c841a9c027144eeabc1d15827732e98ec6930369fc78d:95","uint:1","text:000042","date:2024-02-29","null","text:Synthetic payment 93","decimal:-0.10000001","text:AUD","null","json:{""kind"":""cell"",""evidence_id"":""32373fa159959ea7844c841a9c027144eeabc1d15827732e98ec6930369fc78d"",""sheet"":""CSV"",""row"":95,""column"":""amount""}","text:pending","json:[]","null","null"
"uint:4","text:32373fa159959ea7844c841a9c027144eeabc1d15827732e98ec6930369fc78d:96","uint:1","text:000042","date:2024-02-29","null","text:Synthetic payment 94","decimal:-0.10000001","text:AUD","null","json:{""kind"":""cell"",""evidence_id"":""32373fa159959ea7844c841a9c027144eeabc1d15827732e98ec6930369fc78d"",""sheet"":""CSV"",""row"":96,""column"":""amount""}","text:pending","json:[]","null","null"
"uint:4","text:32373fa159959ea7844c841a9c027144eeabc1d15827732e98ec6930369fc78d:97","uint:1","text:000042","date:2024-02-29","null","text:Synthetic payment 95","decimal:-0.10000001","text:AUD","null","json:{""kind"":""cell"",""evidence_id"":""32373fa159959ea7844c841a9c027144eeabc1d15827732e98ec6930369fc78d"",""sheet"":""CSV"",""row"":97,""column"":""amount""}","text:pending","json:[]","null","null"
"uint:4","text:32373fa159959ea7844c841a9c027144eeabc1d15827732e98ec6930369fc78d:98","uint:1","text:000042","date:2024-02-29","null","text:Synthetic payment 96","decimal:-0.10000001","text:AUD","null","json:{""kind"":""cell"",""evidence_id"":""32373fa159959ea7844c841a9c027144eeabc1d15827732e98ec6930369fc78d"",""sheet"":""CSV"",""row"":98,""column"":""amount""}","text:pending","json:[]","null","null"
"uint:4","text:32373fa159959ea7844c841a9c027144eeabc1d15827732e98ec6930369fc78d:99","uint:1","text:000042","date:2024-02-29","null","text:Synthetic payment 97","decimal:-0.10000001","text:AUD","null","json:{""kind"":""cell"",""evidence_id"":""32373fa159959ea7844c841a9c027144eeabc1d15827732e98ec6930369fc78d"",""sheet"":""CSV"",""row"":99,""column"":""amount""}","text:pending","json:[]","null","null"
"uint:4","text:32373fa159959ea7844c841a9c027144eeabc1d15827732e98ec6930369fc78d:100","uint:1","text:000042","date:2024-02-29","null","text:Synthetic payment 98","decimal:-0.10000001","text:AUD","null","json:{""kind"":""cell"",""evidence_id"":""32373fa159959ea7844c841a9c027144eeabc1d15827732e98ec6930369fc78d"",""sheet"":""CSV"",""row"":100,""column"":""amount""}","text:pending","json:[]","null","null"
"uint:4","text:32373fa159959ea7844c841a9c027144eeabc1d15827732e98ec6930369fc78d:101","uint:1","text:000042","date:2024-02-29","null","text:Synthetic payment 99","decimal:-0.10000001","text:AUD","null","json:{""kind"":""cell"",""evidence_id"":""32373fa159959ea7844c841a9c027144eeabc1d15827732e98ec6930369fc78d"",""sheet"":""CSV"",""row"":101,""column"":""amount""}","text:pending","json:[]","null","null"
"uint:4","text:32373fa159959ea7844c841a9c027144eeabc1d15827732e98ec6930369fc78d:102","uint:1","text:000042","date:2024-02-29","null","text:Synthetic payment 100","decimal:-0.10000001","text:AUD","null","json:{""kind"":""cell"",""evidence_id"":""32373fa159959ea7844c841a9c027144eeabc1d15827732e98ec6930369fc78d"",""sheet"":""CSV"",""row"":102,""column"":""amount""}","text:pending","json:[]","null","null"
"uint:4","text:32373fa159959ea7844c841a9c027144eeabc1d15827732e98ec6930369fc78d:103","uint:1","text:000042","date:2024-02-29","null","text:Synthetic payment 101","decimal:-0.10000001","text:AUD","null","json:{""kind"":""cell"",""evidence_id"":""32373fa159959ea7844c841a9c027144eeabc1d15827732e98ec6930369fc78d"",""sheet"":""CSV"",""row"":103,""column"":""amount""}","text:pending","json:[]","null","null"
"uint:4","text:32373fa159959ea7844c841a9c027144eeabc1d15827732e98ec6930369fc78d:104","uint:1","text:000042","date:2024-02-29","null","text:Synthetic payment 102","decimal:-0.10000001","text:AUD","null","json:{""kind"":""cell"",""evidence_id"":""32373fa159959ea7844c841a9c027144eeabc1d15827732e98ec6930369fc78d"",""sheet"":""CSV"",""row"":104,""column"":""amount""}","text:pending","json:[]","null","null"
"uint:4","text:32373fa159959ea7844c841a9c027144eeabc1d15827732e98ec6930369fc78d:105","uint:1","text:000042","date:2024-02-29","null","text:Synthetic payment 103","decimal:-0.10000001","text:AUD","null","json:{""kind"":""cell"",""evidence_id"":""32373fa159959ea7844c841a9c027144eeabc1d15827732e98ec6930369fc78d"",""sheet"":""CSV"",""row"":105,""column"":""amount""}","text:pending","json:[]","null","null"
"uint:4","text:32373fa159959ea7844c841a9c027144eeabc1d15827732e98ec6930369fc78d:106","uint:1","text:000042","date:2024-02-29","null","text:Synthetic payment 104","decimal:-0.10000001","text:AUD","null","json:{""kind"":""cell"",""evidence_id"":""32373fa159959ea7844c841a9c027144eeabc1d15827732e98ec6930369fc78d"",""sheet"":""CSV"",""row"":106,""column"":""amount""}","text:pending","json:[]","null","null"
"uint:4","text:32373fa159959ea7844c841a9c027144eeabc1d15827732e98ec6930369fc78d:107","uint:1","text:000042","date:2024-02-29","null","text:Synthetic payment 105","decimal:-0.10000001","text:AUD","null","json:{""kind"":""cell"",""evidence_id"":""32373fa159959ea7844c841a9c027144eeabc1d15827732e98ec6930369fc78d"",""sheet"":""CSV"",""row"":107,""column"":""amount""}","text:pending","json:[]","null","null"
"uint:4","text:32373fa159959ea7844c841a9c027144eeabc1d15827732e98ec6930369fc78d:108","uint:1","text:000042","date:2024-02-29","null","text:Synthetic payment 106","decimal:-0.10000001","text:AUD","null","json:{""kind"":""cell"",""evidence_id"":""32373fa159959ea7844c841a9c027144eeabc1d15827732e98ec6930369fc78d"",""sheet"":""CSV"",""row"":108,""column"":""amount""}","text:pending","json:[]","null","null"
"uint:4","text:32373fa159959ea7844c841a9c027144eeabc1d15827732e98ec6930369fc78d:109","uint:1","text:000042","date:2024-02-29","null","text:Synthetic payment 107","decimal:-0.10000001","text:AUD","null","json:{""kind"":""cell"",""evidence_id"":""32373fa159959ea7844c841a9c027144eeabc1d15827732e98ec6930369fc78d"",""sheet"":""CSV"",""row"":109,""column"":""amount""}","text:pending","json:[]","null","null"
"uint:4","text:32373fa159959ea7844c841a9c027144eeabc1d15827732e98ec6930369fc78d:110","uint:1","text:000042","date:2024-02-29","null","text:Synthetic payment 108","decimal:-0.10000001","text:AUD","null","json:{""kind"":""cell"",""evidence_id"":""32373fa159959ea7844c841a9c027144eeabc1d15827732e98ec6930369fc78d"",""sheet"":""CSV"",""row"":110,""column"":""amount""}","text:pending","json:[]","null","null"
"uint:4","text:32373fa159959ea7844c841a9c027144eeabc1d15827732e98ec6930369fc78d:111","uint:1","text:000042","date:2024-02-29","null","text:Synthetic payment 109","decimal:-0.10000001","text:AUD","null","json:{""kind"":""cell"",""evidence_id"":""32373fa159959ea7844c841a9c027144eeabc1d15827732e98ec6930369fc78d"",""sheet"":""CSV"",""row"":111,""column"":""amount""}","text:pending","json:[]","null","null"
"uint:4","text:32373fa159959ea7844c841a9c027144eeabc1d15827732e98ec6930369fc78d:112","uint:1","text:000042","date:2024-02-29","null","text:Synthetic payment 110","decimal:-0.10000001","text:AUD","null","json:{""kind"":""cell"",""evidence_id"":""32373fa159959ea7844c841a9c027144eeabc1d15827732e98ec6930369fc78d"",""sheet"":""CSV"",""row"":112,""column"":""amount""}","text:pending","json:[]","null","null"
"uint:4","text:32373fa159959ea7844c841a9c027144eeabc1d15827732e98ec6930369fc78d:113","uint:1","text:000042","date:2024-02-29","null","text:Synthetic payment 111","decimal:-0.10000001","text:AUD","null","json:{""kind"":""cell"",""evidence_id"":""32373fa159959ea7844c841a9c027144eeabc1d15827732e98ec6930369fc78d"",""sheet"":""CSV"",""row"":113,""column"":""amount""}","text:pending","json:[]","null","null"
"uint:4","text:32373fa159959ea7844c841a9c027144eeabc1d15827732e98ec6930369fc78d:114","uint:1","text:000042","date:2024-02-29","null","text:Synthetic payment 112","decimal:-0.10000001","text:AUD","null","json:{""kind"":""cell"",""evidence_id"":""32373fa159959ea7844c841a9c027144eeabc1d15827732e98ec6930369fc78d"",""sheet"":""CSV"",""row"":114,""column"":""amount""}","text:pending","json:[]","null","null"
